id;src;Pezo;Cat;Uso
0;Recorte/60 Que lá vem História.svg;11.41kb;Artes;Recorte
1;Recorte/A  Felicidade Frase.svg;42.41kb;Artes;Recorte
2;Recorte/Amém (1).svg;31.00kb;Artes;Recorte
3;Recorte/Amém (3).svg;36.77kb;Artes;Recorte
4;Recorte/Amém (4).svg;21.36kb;Artes;Recorte
5;Recorte/Amém (5).svg;48.62kb;Artes;Recorte
6;Recorte/Amém (6).svg;44.27kb;Artes;Recorte
7;Recorte/Cantinho do Churrasco.svg;12.62kb;Artes;Recorte
8;Recorte/Deus Abencoe.svg;8.69kb;Artes;Recorte
9;Recorte/Deus Acima de Tudo.svg;15.60kb;Artes;Recorte
10;Recorte/Deus, Bom.svg;19.57kb;Artes;Recorte
11;Recorte/Favela Venceu (1).svg;12.78kb;Artes;Recorte
12;Recorte/Fé (2).svg;4.04kb;Artes;Recorte
13;Recorte/Fé (3).svg;4.39kb;Artes;Recorte
14;Recorte/Fé (4).svg;4.91kb;Artes;Recorte
15;Recorte/Fé Nunca foi Sorte.svg;11.29kb;Artes;Recorte
16;Recorte/Gratidão (1).svg;8.40kb;Artes;Recorte
17;Recorte/Gratidão (2).svg;30.79kb;Artes;Recorte
18;Recorte/Gratidão (3).svg;12.74kb;Artes;Recorte
19;Recorte/HaHaHa (1).svg;22.13kb;Artes;Recorte
20;Recorte/HaHaHa (2).svg;13.15kb;Artes;Recorte
21;Recorte/HaHaHa (3).svg;18.15kb;Artes;Recorte
22;Recorte/HaHaHa (4).svg;11.05kb;Artes;Recorte
23;Recorte/HaHaHa (5).svg;13.57kb;Artes;Recorte
24;Recorte/Jesus ele é Grande e Faz.svg;17.27kb;Artes;Recorte
25;Recorte/Made in Favela.svg;5.70kb;Artes;Recorte
26;Recorte/Nas Mãos de Deus (1).svg;12.55kb;Artes;Recorte
27;Recorte/Nas Mãos de Deus (2).svg;28.00kb;Artes;Recorte
28;Recorte/Nunca foi Sorte.svg;96.83kb;Artes;Recorte
29;Recorte/Obrigado Senhor.svg;10.16kb;Artes;Recorte
30;Recorte/Passa Nada.svg;9.90kb;Artes;Recorte
31;Recorte/Puxou, cortou e Raspou (1).svg;15.40kb;Artes;Recorte
32;Recorte/Puxou, cortou e Raspou (2).svg;12.77kb;Artes;Recorte
33;Recorte/Que toda inveja, Vire gasolina.svg;12.82kb;Artes;Recorte
34;Recorte/Sempre Fui Sonhador.svg;16.71kb;Artes;Recorte
35;Recorte/Só Sofre de Amor.svg;18.64kb;Artes;Recorte
36;Recorte/Tem Dias que a noite é.svg;7.57kb;Artes;Recorte
37;Recorte/Tudo Posso (1).svg;19.99kb;Artes;Recorte
38;Recorte/Tudo Posso (2).svg;15.31kb;Artes;Recorte
39;Recorte/Veiculo Legalizado.svg;8.83kb;Artes;Recorte
40;Recorte/Anjo Anjinho.svg;16.79kb;Desenhos;Recorte
41;Recorte/Anonimo (2).svg;5.11kb;Desenhos;Recorte
42;Recorte/Anonimo.svg;7.12kb;Desenhos;Recorte
43;Recorte/Aranha.svg;10.91kb;Desenhos;Recorte
44;Recorte/Asa Anjo.svg;9.02kb;Desenhos;Recorte
45;Recorte/Balas.svg;21.20kb;Desenhos;Recorte
46;Recorte/Batimento e Grau.svg;5.68kb;Desenhos;Recorte
47;Recorte/Batimento Moto.svg;11.94kb;Desenhos;Recorte
48;Recorte/Batimento Pet.svg;7.45kb;Desenhos;Recorte
49;Recorte/Beijo.svg;4.51kb;Desenhos;Recorte
50;Recorte/Bike.svg;32.24kb;Desenhos;Recorte
51;Recorte/Borboleta.svg;1.86kb;Desenhos;Recorte
52;Recorte/Caixão.svg;2.14kb;Desenhos;Recorte
53;Recorte/Caminhão.svg;3.50kb;Desenhos;Recorte
54;Recorte/Carro (1).svg;9.62kb;Desenhos;Recorte
55;Recorte/Carro (2).svg;5.07kb;Desenhos;Recorte
56;Recorte/Carro (3).svg;4.81kb;Desenhos;Recorte
57;Recorte/Carro (4).svg;6.84kb;Desenhos;Recorte
58;Recorte/Carro (5).svg;9.74kb;Desenhos;Recorte
59;Recorte/Carro (6).svg;8.41kb;Desenhos;Recorte
60;Recorte/Casal que Bebe Junto.svg;12.70kb;Desenhos;Recorte
61;Recorte/Caveira (1).svg;9.48kb;Desenhos;Recorte
62;Recorte/Caveira (2).svg;15.50kb;Desenhos;Recorte
63;Recorte/Caveira (3).svg;35.32kb;Desenhos;Recorte
64;Recorte/Caveira (4).svg;4.00kb;Desenhos;Recorte
65;Recorte/Caveira (5).svg;2.89kb;Desenhos;Recorte
66;Recorte/Caveira (6).svg;19.52kb;Desenhos;Recorte
67;Recorte/Caveira (8).svg;23.75kb;Desenhos;Recorte
68;Recorte/Caveira Fogo 3D Oculus.svg;13.94kb;Desenhos;Recorte
69;Recorte/Caveira.svg;23.13kb;Desenhos;Recorte
70;Recorte/Charada.svg;1.44kb;Desenhos;Recorte
71;Recorte/Chora agora rir depois (1).svg;7.09kb;Desenhos;Recorte
72;Recorte/Chora agora rir depois (2).svg;24.64kb;Desenhos;Recorte
73;Recorte/Cifrão.svg;1.99kb;Desenhos;Recorte
74;Recorte/Cobra Serpente.svg;3.94kb;Desenhos;Recorte
75;Recorte/Coelho Dedo.svg;9.37kb;Desenhos;Recorte
76;Recorte/Coração e Rosto.svg;3.27kb;Desenhos;Recorte
77;Recorte/Coringa (1).svg;5.03kb;Desenhos;Recorte
78;Recorte/Coringa (2).svg;11.31kb;Desenhos;Recorte
79;Recorte/Coringa (3).svg;8.97kb;Desenhos;Recorte
80;Recorte/Coroa (1).svg;5.37kb;Desenhos;Recorte
81;Recorte/Coroa (5).svg;4.61kb;Desenhos;Recorte
82;Recorte/Coroa (6).svg;4.13kb;Desenhos;Recorte
83;Recorte/Coroa (7).svg;8.98kb;Desenhos;Recorte
84;Recorte/Coroa (8).svg;2.63kb;Desenhos;Recorte
85;Recorte/Coroa (9).svg;4.61kb;Desenhos;Recorte
86;Recorte/Cowboy (1).svg;6.06kb;Desenhos;Recorte
87;Recorte/Cowboy (2).svg;5.91kb;Desenhos;Recorte
88;Recorte/CowBoy (3).svg;2.64kb;Desenhos;Recorte
89;Recorte/Crazy Frog.svg;10.33kb;Desenhos;Recorte
90;Recorte/Cruz.svg;1.29kb;Desenhos;Recorte
91;Recorte/Cão e Gato.svg;11.27kb;Desenhos;Recorte
92;Recorte/Diabo e Anjo (2).svg;10.12kb;Desenhos;Recorte
93;Recorte/Empinando (1).svg;5.32kb;Desenhos;Recorte
94;Recorte/Empinando (2).svg;6.45kb;Desenhos;Recorte
95;Recorte/Empinando (3).svg;4.90kb;Desenhos;Recorte
96;Recorte/Empinando (4).svg;6.06kb;Desenhos;Recorte
97;Recorte/Empinando (5).svg;20.21kb;Desenhos;Recorte
98;Recorte/Empinando (6).svg;4.40kb;Desenhos;Recorte
99;Recorte/Empinando (7).svg;13.10kb;Desenhos;Recorte
100;Recorte/Estrela.svg;0.88kb;Desenhos;Recorte
101;Recorte/ET Surf.svg;5.61kb;Desenhos;Recorte
102;Recorte/Familia (1).svg;10.01kb;Desenhos;Recorte
103;Recorte/Familia (2).svg;15.46kb;Desenhos;Recorte
104;Recorte/Familia (3).svg;12.39kb;Desenhos;Recorte
105;Recorte/Familia (4).svg;18.96kb;Desenhos;Recorte
106;Recorte/Familia (5).svg;10.00kb;Desenhos;Recorte
107;Recorte/Familia (6).svg;4.35kb;Desenhos;Recorte
108;Recorte/Favela Venceu (2).svg;28.94kb;Desenhos;Recorte
109;Recorte/Favela Venceu (3).svg;16.90kb;Desenhos;Recorte
110;Recorte/Game over.svg;8.87kb;Desenhos;Recorte
111;Recorte/Garoto.svg;2.58kb;Desenhos;Recorte
112;Recorte/Gasolina (1).svg;4.67kb;Desenhos;Recorte
113;Recorte/Gasolina (2).svg;14.04kb;Desenhos;Recorte
114;Recorte/Gasolina (3).svg;7.27kb;Desenhos;Recorte
115;Recorte/Gasolina (4).svg;5.76kb;Desenhos;Recorte
116;Recorte/Gatos.svg;11.17kb;Desenhos;Recorte
117;Recorte/Gueixa (1).svg;23.44kb;Desenhos;Recorte
118;Recorte/Gueixa (2).svg;18.16kb;Desenhos;Recorte
119;Recorte/Irmões Metralha.svg;16.73kb;Desenhos;Recorte
120;Recorte/Japonês (1).svg;12.83kb;Desenhos;Recorte
121;Recorte/Japonês (2).svg;2.17kb;Desenhos;Recorte
122;Recorte/Jesus Cristo (1).svg;25.44kb;Desenhos;Recorte
123;Recorte/Jesus Cristo (2).svg;10.07kb;Desenhos;Recorte
124;Recorte/Jesus Cristo (3).svg;20.15kb;Desenhos;Recorte
125;Recorte/Jesus Cristo (4).svg;14.02kb;Desenhos;Recorte
126;Recorte/Jesus Cristo (5).svg;13.97kb;Desenhos;Recorte
127;Recorte/Jesus Cristo (6).svg;21.63kb;Desenhos;Recorte
128;Recorte/Jesus Cristo (7).svg;11.28kb;Desenhos;Recorte
129;Recorte/Jesus Mão.svg;10.78kb;Desenhos;Recorte
130;Recorte/Kratos.svg;3.20kb;Desenhos;Recorte
131;Recorte/menina.svg;10.87kb;Desenhos;Recorte
132;Recorte/Mikey (1).svg;4.45kb;Desenhos;Recorte
133;Recorte/Mikey (2).svg;4.97kb;Desenhos;Recorte
134;Recorte/Minions.svg;4.75kb;Desenhos;Recorte
135;Recorte/Mãos (1).svg;6.09kb;Desenhos;Recorte
136;Recorte/Mãos (2).svg;3.18kb;Desenhos;Recorte
137;Recorte/Mãos (3).svg;2.24kb;Desenhos;Recorte
138;Recorte/Napes baralho (2).svg;6.81kb;Desenhos;Recorte
139;Recorte/Naruto (1).svg;22.60kb;Desenhos;Recorte
140;Recorte/Naruto (2).svg;22.62kb;Desenhos;Recorte
141;Recorte/Naruto (3).svg;16.31kb;Desenhos;Recorte
142;Recorte/Naruto (4).svg;17.90kb;Desenhos;Recorte
143;Recorte/Nazismo.svg;1.49kb;Desenhos;Recorte
144;Recorte/Nota musical.svg;4.86kb;Desenhos;Recorte
145;Recorte/Patinha e Corção.svg;3.21kb;Desenhos;Recorte
146;Recorte/Patinha.svg;3.24kb;Desenhos;Recorte
147;Recorte/PitBull (1).svg;9.34kb;Desenhos;Recorte
148;Recorte/PitBull (2).svg;18.80kb;Desenhos;Recorte
149;Recorte/PitBull (3).svg;6.21kb;Desenhos;Recorte
150;Recorte/PlayBoy (1).svg;4.62kb;Desenhos;Recorte
151;Recorte/PlayBoy (2).svg;4.41kb;Desenhos;Recorte
152;Recorte/PlayBoy (3).svg;3.45kb;Desenhos;Recorte
153;Recorte/PlayBoy (4).svg;4.51kb;Desenhos;Recorte
154;Recorte/PlayBoy (5).svg;1.54kb;Desenhos;Recorte
155;Recorte/PlayBoy (6).svg;4.00kb;Desenhos;Recorte
156;Recorte/PlayBoy (7).svg;1.67kb;Desenhos;Recorte
157;Recorte/PlayBoy (8).svg;1.64kb;Desenhos;Recorte
158;Recorte/PlayBoy (9).svg;3.26kb;Desenhos;Recorte
159;Recorte/Santa (1).svg;15.14kb;Desenhos;Recorte
160;Recorte/Santa (10).svg;24.10kb;Desenhos;Recorte
161;Recorte/Santa (2).svg;14.11kb;Desenhos;Recorte
162;Recorte/Santa (3).svg;14.04kb;Desenhos;Recorte
163;Recorte/Santa (4).svg;7.70kb;Desenhos;Recorte
164;Recorte/Santa (5).svg;26.72kb;Desenhos;Recorte
165;Recorte/Santa (6).svg;6.79kb;Desenhos;Recorte
166;Recorte/Santa (7).svg;14.59kb;Desenhos;Recorte
167;Recorte/Santa (8).svg;4.11kb;Desenhos;Recorte
168;Recorte/Santa (9).svg;14.89kb;Desenhos;Recorte
169;Recorte/Seu Madruga.svg;25.05kb;Desenhos;Recorte
170;Recorte/Som (1).svg;2.79kb;Desenhos;Recorte
171;Recorte/Som (2).svg;3.67kb;Desenhos;Recorte
172;Recorte/Sorriso Gato.svg;8.66kb;Desenhos;Recorte
173;Recorte/Spider.svg;3.23kb;Desenhos;Recorte
174;Recorte/Sufista (2).svg;9.86kb;Desenhos;Recorte
175;Recorte/Sufista (4).svg;8.32kb;Desenhos;Recorte
176;Recorte/Terço (1).svg;5.61kb;Desenhos;Recorte
177;Recorte/Terço (2).svg;8.92kb;Desenhos;Recorte
178;Recorte/Tio Patinhas.svg;17.35kb;Desenhos;Recorte
179;Recorte/Velocidade.svg;11.93kb;Desenhos;Recorte
180;Recorte/NemPede (2).svg;6.59kb;Frases;Recorte
181;Recorte/244 Não é Crime (1).svg;16.67kb;Frases;Recorte
182;Recorte/244 Não é Crime (3).svg;12.65kb;Frases;Recorte
183;Recorte/244 Não é Crime (4).svg;15.23kb;Frases;Recorte
184;Recorte/59D (1).svg;2.81kb;Frases;Recorte
185;Recorte/59D (2).svg;8.69kb;Frases;Recorte
186;Recorte/59D (3).svg;6.08kb;Frases;Recorte
187;Recorte/59D (4).svg;3.58kb;Frases;Recorte
188;Recorte/Acredita Colega (1).svg;12.78kb;Frases;Recorte
189;Recorte/Acredita Colega (2).svg;4.69kb;Frases;Recorte
190;Recorte/Apesar das falhas nunca estou Só.svg;65.38kb;Frases;Recorte
191;Recorte/Atura ou surta.svg;10.77kb;Frases;Recorte
192;Recorte/Blessed (1).svg;9.65kb;Frases;Recorte
193;Recorte/Blessed (2).svg;12.43kb;Frases;Recorte
194;Recorte/Blessed (3).svg;9.37kb;Frases;Recorte
195;Recorte/Boy Doido Sempre.svg;13.21kb;Frases;Recorte
196;Recorte/Chef na pista.svg;3.89kb;Frases;Recorte
197;Recorte/Cortou, Raspou.svg;13.92kb;Frases;Recorte
198;Recorte/Deus abençoe o role.svg;15.17kb;Frases;Recorte
199;Recorte/Deus no Controle do Foguete (1).svg;7.63kb;Frases;Recorte
200;Recorte/Deus no Controle do Foguete (2).svg;12.03kb;Frases;Recorte
201;Recorte/Deus no Controle do Foguete (3).svg;6.24kb;Frases;Recorte
202;Recorte/Deus no Controle do Foguete (4).svg;7.85kb;Frases;Recorte
203;Recorte/Deus é fiel (2).svg;8.27kb;Frases;Recorte
204;Recorte/Deus é fiel (3).svg;13.78kb;Frases;Recorte
205;Recorte/Deus é fiel.svg;8.82kb;Frases;Recorte
206;Recorte/Deus é mais (1).svg;10.39kb;Frases;Recorte
207;Recorte/Deus é mais (2).svg;10.75kb;Frases;Recorte
208;Recorte/Diferenciada da rodagem.svg;15.16kb;Frases;Recorte
209;Recorte/Especialista em grau (2).svg;14.37kb;Frases;Recorte
210;Recorte/Especialista em Grau (3).svg;13.59kb;Frases;Recorte
211;Recorte/Especialista em grau.svg;10.25kb;Frases;Recorte
212;Recorte/Especilista em Fuga.svg;7.61kb;Frases;Recorte
213;Recorte/Esquece.svg;14.15kb;Frases;Recorte
214;Recorte/esse é meu brinquedo.svg;9.71kb;Frases;Recorte
215;Recorte/Estilo 160.svg;8.29kb;Frases;Recorte
216;Recorte/Favela Venceu.svg;7.66kb;Frases;Recorte
217;Recorte/Formula 1.svg;13.46kb;Frases;Recorte
218;Recorte/Fé no pai que o inimigo cai.svg;17.18kb;Frases;Recorte
219;Recorte/Glória a deus (1).svg;14.87kb;Frases;Recorte
220;Recorte/Glória a deus (2).svg;14.29kb;Frases;Recorte
221;Recorte/Gratidão (4).svg;25.34kb;Frases;Recorte
222;Recorte/Gratidão (5).svg;4.05kb;Frases;Recorte
223;Recorte/Grau que voa.svg;6.92kb;Frases;Recorte
224;Recorte/Grau é arte, raspa faz parte (2).svg;8.84kb;Frases;Recorte
225;Recorte/Grau é arte, raspa faz parte.svg;9.66kb;Frases;Recorte
226;Recorte/Grau é arte.svg;10.80kb;Frases;Recorte
227;Recorte/Ha Ha ha (1).svg;5.21kb;Frases;Recorte
228;Recorte/Ha Ha Haa (2).svg;4.41kb;Frases;Recorte
229;Recorte/Ha Ha Haa (3).svg;5.39kb;Frases;Recorte
230;Recorte/Heineken (2).svg;8.40kb;Frases;Recorte
231;Recorte/Heineken.svg;8.00kb;Frases;Recorte
232;Recorte/Honra e Glória.svg;14.12kb;Frases;Recorte
233;Recorte/Humildade.svg;6.22kb;Frases;Recorte
234;Recorte/Invejoso fica puto (1).svg;6.82kb;Frases;Recorte
235;Recorte/Invejoso fica puto (2).svg;10.81kb;Frases;Recorte
236;Recorte/Invejoso fica puto (3).svg;6.55kb;Frases;Recorte
237;Recorte/Invejoso fica puto (4).svg;12.77kb;Frases;Recorte
238;Recorte/Invejoso fica puto.svg;8.85kb;Frases;Recorte
239;Recorte/Jesus (1).svg;5.26kb;Frases;Recorte
240;Recorte/Jesus (2).svg;4.56kb;Frases;Recorte
241;Recorte/Jesus (3).svg;3.18kb;Frases;Recorte
242;Recorte/Jesus (4).svg;4.97kb;Frases;Recorte
243;Recorte/Jesus (5).svg;7.24kb;Frases;Recorte
244;Recorte/jesus coroa.svg;6.06kb;Frases;Recorte
245;Recorte/Jesus.svg;4.32kb;Frases;Recorte
246;Recorte/Menino de rua.svg;12.30kb;Frases;Recorte
247;Recorte/Na base da fé (2).svg;14.30kb;Frases;Recorte
248;Recorte/Na base da fé (3).svg;25.63kb;Frases;Recorte
249;Recorte/Na Base da fé.svg;2.54kb;Frases;Recorte
250;Recorte/Nem Pede.svg;9.28kb;Frases;Recorte
251;Recorte/Nunca foi forte sempre foi deus.svg;21.76kb;Frases;Recorte
252;Recorte/Nutallo.svg;3.45kb;Frases;Recorte
253;Recorte/O Boy doido de sempre.svg;14.62kb;Frases;Recorte
254;Recorte/Osascorte.svg;11.16kb;Frases;Recorte
255;Recorte/Percistencia.svg;48.56kb;Frases;Recorte
256;Recorte/Pra quem faz o certo, vencer....svg;58.62kb;Frases;Recorte
257;Recorte/Presente de Deus.svg;10.80kb;Frases;Recorte
258;Recorte/Protegido por Deus.svg;10.76kb;Frases;Recorte
259;Recorte/Puxou, Cotou, Raspou.svg;8.00kb;Frases;Recorte
260;Recorte/que deus abençõe o rolé.svg;7.03kb;Frases;Recorte
261;Recorte/Que Falte tudo Menos Deus.svg;8.78kb;Frases;Recorte
262;Recorte/Suave na nave (2).svg;7.10kb;Frases;Recorte
263;Recorte/Suave na nave (3).svg;14.08kb;Frases;Recorte
264;Recorte/Suave na Nave (4).svg;12.40kb;Frases;Recorte
265;Recorte/Suave na nave.svg;9.85kb;Frases;Recorte
266;Recorte/Só jesus salva.svg;9.81kb;Frases;Recorte
267;Recorte/Telequete.svg;11.73kb;Frases;Recorte
268;Recorte/Tropa do 777.svg;47.63kb;Frases;Recorte
269;Recorte/Tudo posso naquele que me fortalece (3).svg;9.76kb;Frases;Recorte
270;Recorte/Tudo posso naquele que me fortalece (4).svg;16.80kb;Frases;Recorte
271;Recorte/Tudo Putaa.svg;4.04kb;Frases;Recorte
272;Recorte/Zona Sul.svg;1.47kb;Frases;Recorte
273;Recorte/26 da Norte (1).svg;9.17kb;Marcas;Recorte
274;Recorte/26 da Norte (2).svg;9.06kb;Marcas;Recorte
275;Recorte/4WD.svg;3.29kb;Marcas;Recorte
276;Recorte/A Estrela.svg;7.46kb;Marcas;Recorte
277;Recorte/Adidas.svg;3.36kb;Marcas;Recorte
278;Recorte/Apple.svg;2.57kb;Marcas;Recorte
279;Recorte/Asy.svg;3.57kb;Marcas;Recorte
280;Recorte/Bad Boy.svg;7.41kb;Marcas;Recorte
281;Recorte/Billabong (1).svg;6.06kb;Marcas;Recorte
282;Recorte/Billabong (2).svg;6.60kb;Marcas;Recorte
283;Recorte/Cabo Enrolado (1).svg;17.07kb;Marcas;Recorte
284;Recorte/Cabo Enrolado (2).svg;16.16kb;Marcas;Recorte
285;Recorte/Cabo Enrolado (3).svg;9.64kb;Marcas;Recorte
286;Recorte/Circuit.svg;2.92kb;Marcas;Recorte
287;Recorte/Cyclone (1).svg;4.22kb;Marcas;Recorte
288;Recorte/Cyclone (2).svg;5.72kb;Marcas;Recorte
289;Recorte/Dore.svg;2.95kb;Marcas;Recorte
290;Recorte/Dub.svg;5.93kb;Marcas;Recorte
291;Recorte/Executivo.svg;10.44kb;Marcas;Recorte
292;Recorte/Familia do grau.svg;8.62kb;Marcas;Recorte
293;Recorte/Fixa (1).svg;3.71kb;Marcas;Recorte
294;Recorte/Fixa (2).svg;4.83kb;Marcas;Recorte
295;Recorte/Fox Scott.svg;3.36kb;Marcas;Recorte
296;Recorte/Fé Escudo.svg;9.99kb;Marcas;Recorte
297;Recorte/Grau dichava.svg;17.65kb;Marcas;Recorte
298;Recorte/Grau Evolution.svg;8.60kb;Marcas;Recorte
299;Recorte/Hang Lose (1).svg;1.59kb;Marcas;Recorte
300;Recorte/Hang Lose (2).svg;5.94kb;Marcas;Recorte
301;Recorte/Helt.svg;1.40kb;Marcas;Recorte
302;Recorte/Idio's.svg;12.88kb;Marcas;Recorte
303;Recorte/Jhonnie Walker (1).svg;11.07kb;Marcas;Recorte
304;Recorte/Jhonnie Walker (2).svg;7.11kb;Marcas;Recorte
305;Recorte/Jhonnie Walker (3).svg;16.77kb;Marcas;Recorte
306;Recorte/João Andante (1).svg;12.01kb;Marcas;Recorte
307;Recorte/K & N.svg;2.20kb;Marcas;Recorte
308;Recorte/Lacoste.svg;17.13kb;Marcas;Recorte
309;Recorte/LS2.svg;2.69kb;Marcas;Recorte
310;Recorte/Maresia.svg;6.36kb;Marcas;Recorte
311;Recorte/MCD.svg;7.14kb;Marcas;Recorte
312;Recorte/Mercedes Benz (2).svg;8.37kb;Marcas;Recorte
313;Recorte/Monaco.svg;6.73kb;Marcas;Recorte
314;Recorte/Monster.svg;14.42kb;Marcas;Recorte
315;Recorte/Mormaii.svg;5.60kb;Marcas;Recorte
316;Recorte/Moster.svg;3.32kb;Marcas;Recorte
317;Recorte/Motion.svg;3.30kb;Marcas;Recorte
318;Recorte/Nike.svg;1.96kb;Marcas;Recorte
319;Recorte/Norisk.svg;6.84kb;Marcas;Recorte
320;Recorte/Nós.svg;1.35kb;Marcas;Recorte
321;Recorte/Piloto 22.svg;3.87kb;Marcas;Recorte
322;Recorte/Pioneer.svg;3.38kb;Marcas;Recorte
323;Recorte/Prisma.svg;5.40kb;Marcas;Recorte
324;Recorte/Quiksilver (1).svg;6.09kb;Marcas;Recorte
325;Recorte/Quiksilver (2).svg;6.15kb;Marcas;Recorte
326;Recorte/Red Nose.svg;12.15kb;Marcas;Recorte
327;Recorte/Ride ok Die.svg;18.92kb;Marcas;Recorte
328;Recorte/Rinoceronte.svg;4.04kb;Marcas;Recorte
329;Recorte/Santana 18Mi.svg;7.54kb;Marcas;Recorte
330;Recorte/Scania.svg;10.88kb;Marcas;Recorte
331;Recorte/Scott.svg;2.94kb;Marcas;Recorte
332;Recorte/Seaway (1).svg;4.28kb;Marcas;Recorte
333;Recorte/Seaway (2).svg;2.29kb;Marcas;Recorte
334;Recorte/Shimano.svg;2.67kb;Marcas;Recorte
335;Recorte/Sprinter.svg;3.20kb;Marcas;Recorte
336;Recorte/Suzuki.svg;10.84kb;Marcas;Recorte
337;Recorte/Tork.svg;2.71kb;Marcas;Recorte
338;Recorte/Totem.svg;2.82kb;Marcas;Recorte
339;Recorte/Trek.svg;1.81kb;Marcas;Recorte
340;Recorte/Volcom.svg;4.95kb;Marcas;Recorte
341;Recorte/XVideos.svg;5.51kb;Marcas;Recorte
342;Recorte/Youtube.svg;7.04kb;Marcas;Recorte
343;Recorte/ACDC.svg;2.20kb;Marcas;Recorte
344;Recorte/Adidas (2).svg;3.90kb;Marcas;Recorte
345;Recorte/Apple (2).svg;0.64kb;Marcas;Recorte
346;Recorte/Asus.svg;4.10kb;Marcas;Recorte
347;Recorte/Aurora.svg;2.57kb;Marcas;Recorte
348;Recorte/BudWeiser.svg;5.93kb;Marcas;Recorte
349;Recorte/CocaCola.svg;6.54kb;Marcas;Recorte
350;Recorte/DamassaClan.svg;1.79kb;Marcas;Recorte
351;Recorte/HangLose.svg;9.74kb;Marcas;Recorte
352;Recorte/Harypoter.svg;2.68kb;Marcas;Recorte
353;Recorte/Honda.svg;4.95kb;Marcas;Recorte
354;Recorte/Louis Vitton.svg;7.31kb;Marcas;Recorte
355;Recorte/Mauricea.svg;5.81kb;Marcas;Recorte
356;Recorte/MOMO.svg;2.18kb;Marcas;Recorte
357;Recorte/Monster (2).svg;12.50kb;Marcas;Recorte
358;Recorte/Natto.svg;3.61kb;Marcas;Recorte
359;Recorte/Nike (2).svg;1.39kb;Marcas;Recorte
360;Recorte/Nike (3).svg;2.36kb;Marcas;Recorte
361;Recorte/Okley.svg;2.55kb;Marcas;Recorte
362;Recorte/Petra.svg;10.25kb;Marcas;Recorte
363;Recorte/PRELLI.svg;2.56kb;Marcas;Recorte
364;Recorte/Puma.svg;3.94kb;Marcas;Recorte
365;Recorte/Punto.svg;7.89kb;Marcas;Recorte
366;Recorte/Quiksilver.svg;5.48kb;Marcas;Recorte
367;Recorte/RedBull.svg;28.91kb;Marcas;Recorte
368;Recorte/Sadia.svg;3.54kb;Marcas;Recorte
369;Recorte/Seara.svg;7.10kb;Marcas;Recorte
370;Recorte/Seaway.svg;7.94kb;Marcas;Recorte
371;Recorte/SUS.svg;2.44kb;Marcas;Recorte
372;Recorte/Taramps.svg;7.42kb;Marcas;Recorte
373;Recorte/Tibrai.svg;3.58kb;Marcas;Recorte
374;Recorte/Wolksvagem.svg;4.67kb;Marcas;Recorte
375;Recorte/Wyden.svg;2.28kb;Marcas;Recorte
A1;Figurinha/A1.svg;169.44kb;Simpson;Figurinha
A10;Figurinha/A10.svg;27.06kb;Simpson;Figurinha
A11;Figurinha/A11.svg;27.58kb;Simpson;Figurinha
A12;Figurinha/A12.svg;32.37kb;Simpson;Figurinha
A13;Figurinha/A13.svg;49.67kb;Simpson;Figurinha
A14;Figurinha/A14.svg;84.04kb;Simpson;Figurinha
A15;Figurinha/A15.svg;57.39kb;Simpson;Figurinha
A16;Figurinha/A16.svg;210.24kb;Simpson;Figurinha
A17;Figurinha/A17.svg;19.63kb;Simpson;Figurinha
A18;Figurinha/A18.svg;11.77kb;Simpson;Figurinha
A19;Figurinha/A19.svg;36.25kb;Simpson;Figurinha
A2;Figurinha/A2.svg;119.82kb;Simpson;Figurinha
A20;Figurinha/A20.svg;20.63kb;Simpson;Figurinha
A21;Figurinha/A21.svg;53.13kb;Simpson;Figurinha
A22;Figurinha/A22.svg;17.81kb;Simpson;Figurinha
A23;Figurinha/A23.svg;30.58kb;Simpson;Figurinha
A24;Figurinha/A24.svg;219.92kb;Simpson;Figurinha
A25;Figurinha/A25.svg;70.25kb;Simpson;Figurinha
A26;Figurinha/A26.svg;74.02kb;Simpson;Figurinha
A27;Figurinha/A27.svg;38.66kb;Simpson;Figurinha
A28;Figurinha/A28.svg;104.57kb;Simpson;Figurinha
A29;Figurinha/A29.svg;70.70kb;Simpson;Figurinha
A3;Figurinha/A3.svg;64.42kb;Simpson;Figurinha
A30;Figurinha/A30.svg;70.74kb;Simpson;Figurinha
A31;Figurinha/A31.svg;84.93kb;Simpson;Figurinha
A4;Figurinha/A4.svg;39.35kb;Simpson;Figurinha
A5;Figurinha/A5.svg;28.03kb;Simpson;Figurinha
A6;Figurinha/A6.svg;25.30kb;Simpson;Figurinha
A7;Figurinha/A7.svg;20.45kb;Simpson;Figurinha
A8;Figurinha/A8.svg;49.58kb;Simpson;Figurinha
A9;Figurinha/A9.svg;40.16kb;Simpson;Figurinha
B1;Figurinha/B1.svg;42.20kb;Coelho;Figurinha
B10;Figurinha/B10.svg;36.92kb;Coelho;Figurinha
B11;Figurinha/B11.svg;94.08kb;Coelho;Figurinha
B12;Figurinha/B12.svg;33.79kb;Coelho;Figurinha
B13;Figurinha/B13.svg;93.45kb;Coelho;Figurinha
B14;Figurinha/B14.svg;71.57kb;Coelho;Figurinha
B15;Figurinha/B15.svg;27.35kb;Coelho;Figurinha
B16;Figurinha/B16.svg;27.12kb;Coelho;Figurinha
B17;Figurinha/B17.svg;32.58kb;Coelho;Figurinha
B18;Figurinha/B18.svg;32.70kb;Coelho;Figurinha
B19;Figurinha/B19.svg;37.26kb;Coelho;Figurinha
B20;Figurinha/B20.svg;37.11kb;Coelho;Figurinha
B21;Figurinha/B21.svg;47.38kb;Coelho;Figurinha
B22;Figurinha/B22.svg;47.10kb;Coelho;Figurinha
B23;Figurinha/B23.svg;32.57kb;Coelho;Figurinha
B3;Figurinha/B3.svg;53.44kb;Coelho;Figurinha
B4;Figurinha/B4.svg;52.94kb;Coelho;Figurinha
B5;Figurinha/B5.svg;24.41kb;Coelho;Figurinha
B6;Figurinha/B6.svg;23.54kb;Coelho;Figurinha
B7;Figurinha/B7.svg;21.21kb;Coelho;Figurinha
B8;Figurinha/B8.svg;21.40kb;Coelho;Figurinha
B9;Figurinha/B9.svg;37.03kb;Coelho;Figurinha
C1;Figurinha/C1.svg;60.51kb;Placa;Figurinha
C10;Figurinha/C10.svg;45.68kb;Placa;Figurinha
C11;Figurinha/C11.svg;22.41kb;Placa;Figurinha
C12;Figurinha/C12.svg;42.68kb;Placa;Figurinha
C13;Figurinha/C13.svg;7.05kb;Placa;Figurinha
C14;Figurinha/C14.svg;14.01kb;Placa;Figurinha
C15;Figurinha/C15.svg;52.68kb;Placa;Figurinha
C16;Figurinha/C16.svg;59.07kb;Placa;Figurinha
C17;Figurinha/C17.svg;27.65kb;Placa;Figurinha
C18;Figurinha/C18.svg;12.02kb;Placa;Figurinha
C19;Figurinha/C19.svg;29.28kb;Placa;Figurinha
C2;Figurinha/C2.svg;23.85kb;Placa;Figurinha
C20;Figurinha/C20.svg;36.01kb;Placa;Figurinha
C21;Figurinha/C21.svg;74.36kb;Placa;Figurinha
C3;Figurinha/C3.svg;3.93kb;Placa;Figurinha
C4;Figurinha/C4.svg;20.24kb;Placa;Figurinha
C5;Figurinha/C5.svg;29.28kb;Placa;Figurinha
C6;Figurinha/C6.svg;43.29kb;Placa;Figurinha
C7;Figurinha/C7.svg;20.27kb;Placa;Figurinha
C8;Figurinha/C8.svg;34.21kb;Placa;Figurinha
C9;Figurinha/C9.svg;34.96kb;Placa;Figurinha
Da1;Figurinha/Da1.svg;34.50kb;Caminhão;Figurinha
Da10;Figurinha/Da10.svg;107.47kb;Caminhão;Figurinha
Da11;Figurinha/Da11.svg;124.99kb;Caminhão;Figurinha
Da12;Figurinha/Da12.svg;48.90kb;Caminhão;Figurinha
Da13;Figurinha/Da13.svg;63.52kb;Caminhão;Figurinha
Da14;Figurinha/Da14.svg;53.98kb;Caminhão;Figurinha
Da15;Figurinha/Da15.svg;157.95kb;Caminhão;Figurinha
Da16;Figurinha/Da16.svg;82.58kb;Caminhão;Figurinha
Da17;Figurinha/Da17.svg;114.00kb;Caminhão;Figurinha
Da18;Figurinha/Da18.svg;113.77kb;Caminhão;Figurinha
Da19;Figurinha/Da19.svg;163.30kb;Caminhão;Figurinha
Da2;Figurinha/Da2.svg;86.16kb;Caminhão;Figurinha
Da20;Figurinha/Da20.svg;139.37kb;Caminhão;Figurinha
Da21;Figurinha/Da21.svg;181.51kb;Caminhão;Figurinha
Da22;Figurinha/Da22.svg;245.71kb;Caminhão;Figurinha
Da23;Figurinha/Da23.svg;46.33kb;Caminhão;Figurinha
Da24;Figurinha/Da24.svg;253.52kb;Caminhão;Figurinha
Da25;Figurinha/Da25.svg;352.15kb;Caminhão;Figurinha
Da26;Figurinha/Da26.svg;39.66kb;Caminhão;Figurinha
Da27;Figurinha/Da27.svg;56.65kb;Caminhão;Figurinha
Da28;Figurinha/Da28.svg;43.99kb;Caminhão;Figurinha
Da29;Figurinha/Da29.svg;46.69kb;Caminhão;Figurinha
Da3;Figurinha/Da3.svg;75.29kb;Caminhão;Figurinha
Da30;Figurinha/Da30.svg;30.53kb;Caminhão;Figurinha
Da31;Figurinha/Da31.svg;25.76kb;Caminhão;Figurinha
Da32;Figurinha/Da32.svg;17.29kb;Caminhão;Figurinha
Da33;Figurinha/Da33.svg;89.28kb;Caminhão;Figurinha
Da34;Figurinha/Da34.svg;54.06kb;Caminhão;Figurinha
Da35;Figurinha/Da35.svg;92.41kb;Caminhão;Figurinha
Da36;Figurinha/Da36.svg;54.51kb;Caminhão;Figurinha
Da37;Figurinha/Da37.svg;114.30kb;Caminhão;Figurinha
Da38;Figurinha/Da38.svg;20.91kb;Caminhão;Figurinha
Da39;Figurinha/Da39.svg;105.71kb;Caminhão;Figurinha
Da4;Figurinha/Da4.svg;149.61kb;Caminhão;Figurinha
Da40;Figurinha/Da40.svg;60.14kb;Caminhão;Figurinha
Da41;Figurinha/Da41.svg;43.17kb;Caminhão;Figurinha
Da42;Figurinha/Da42.svg;31.30kb;Caminhão;Figurinha
Da43;Figurinha/Da43.svg;92.13kb;Caminhão;Figurinha
Da44;Figurinha/Da44.svg;41.00kb;Caminhão;Figurinha
Da45;Figurinha/Da45.svg;63.76kb;Caminhão;Figurinha
Da46;Figurinha/Da46.svg;30.44kb;Caminhão;Figurinha
Da47;Figurinha/Da47.svg;85.08kb;Caminhão;Figurinha
Da48;Figurinha/Da48.svg;95.47kb;Caminhão;Figurinha
Da49;Figurinha/Da49.svg;63.66kb;Caminhão;Figurinha
Da5;Figurinha/Da5.svg;73.08kb;Caminhão;Figurinha
Da50;Figurinha/Da50.svg;123.70kb;Caminhão;Figurinha
Da51;Figurinha/Da51.svg;84.16kb;Caminhão;Figurinha
Da52;Figurinha/Da52.svg;64.93kb;Caminhão;Figurinha
Da53;Figurinha/Da53.svg;72.13kb;Caminhão;Figurinha
Da54;Figurinha/Da54.svg;94.18kb;Caminhão;Figurinha
Da6;Figurinha/Da6.svg;111.17kb;Caminhão;Figurinha
Da7;Figurinha/Da7.svg;95.07kb;Caminhão;Figurinha
Da8;Figurinha/Da8.svg;62.26kb;Caminhão;Figurinha
Da9;Figurinha/Da9.svg;130.78kb;Caminhão;Figurinha
Db1;Figurinha/Db1.svg;28.17kb;Caminhão;Figurinha
Db10;Figurinha/Db10.svg;57.86kb;Caminhão;Figurinha
Db11;Figurinha/Db11.svg;75.25kb;Caminhão;Figurinha
Db12;Figurinha/Db12.svg;45.14kb;Caminhão;Figurinha
Db13;Figurinha/Db13.svg;56.97kb;Caminhão;Figurinha
Db14;Figurinha/Db14.svg;72.55kb;Caminhão;Figurinha
Db15;Figurinha/Db15.svg;69.28kb;Caminhão;Figurinha
Db16;Figurinha/Db16.svg;53.26kb;Caminhão;Figurinha
Db17;Figurinha/Db17.svg;79.36kb;Caminhão;Figurinha
Db18;Figurinha/Db18.svg;70.58kb;Caminhão;Figurinha
Db19;Figurinha/Db19.svg;61.93kb;Caminhão;Figurinha
Db2;Figurinha/Db2.svg;58.88kb;Caminhão;Figurinha
Db20;Figurinha/Db20.svg;72.18kb;Caminhão;Figurinha
Db21;Figurinha/Db21.svg;60.58kb;Caminhão;Figurinha
Db22;Figurinha/Db22.svg;106.96kb;Caminhão;Figurinha
Db23;Figurinha/Db23.svg;65.61kb;Caminhão;Figurinha
Db24;Figurinha/Db24.svg;92.43kb;Caminhão;Figurinha
Db25;Figurinha/Db25.svg;65.15kb;Caminhão;Figurinha
Db26;Figurinha/Db26.svg;100.59kb;Caminhão;Figurinha
Db27;Figurinha/Db27.svg;73.10kb;Caminhão;Figurinha
Db28;Figurinha/Db28.svg;88.12kb;Caminhão;Figurinha
Db29;Figurinha/Db29.svg;116.46kb;Caminhão;Figurinha
Db3;Figurinha/Db3.svg;43.63kb;Caminhão;Figurinha
Db30;Figurinha/Db30.svg;93.81kb;Caminhão;Figurinha
Db31;Figurinha/Db31.svg;146.71kb;Caminhão;Figurinha
Db32;Figurinha/Db32.svg;99.19kb;Caminhão;Figurinha
Db33;Figurinha/Db33.svg;115.73kb;Caminhão;Figurinha
Db34;Figurinha/Db34.svg;37.18kb;Caminhão;Figurinha
Db35;Figurinha/Db35.svg;142.79kb;Caminhão;Figurinha
Db36;Figurinha/Db36.svg;124.42kb;Caminhão;Figurinha
Db37;Figurinha/Db37.svg;154.26kb;Caminhão;Figurinha
Db38;Figurinha/Db38.svg;180.06kb;Caminhão;Figurinha
Db39;Figurinha/Db39.svg;102.78kb;Caminhão;Figurinha
Db4;Figurinha/Db4.svg;58.34kb;Caminhão;Figurinha
Db40;Figurinha/Db40.svg;104.18kb;Caminhão;Figurinha
Db41;Figurinha/Db41.svg;125.22kb;Caminhão;Figurinha
Db42;Figurinha/Db42.svg;203.04kb;Caminhão;Figurinha
Db43;Figurinha/Db43.svg;204.82kb;Caminhão;Figurinha
Db44;Figurinha/Db44.svg;109.34kb;Caminhão;Figurinha
Db45;Figurinha/Db45.svg;31.29kb;Caminhão;Figurinha
Db46;Figurinha/Db46.svg;211.95kb;Caminhão;Figurinha
Db47;Figurinha/Db47.svg;186.43kb;Caminhão;Figurinha
Db48;Figurinha/Db48.svg;330.27kb;Caminhão;Figurinha
Db49;Figurinha/Db49.svg;188.94kb;Caminhão;Figurinha
Db5;Figurinha/Db5.svg;62.32kb;Caminhão;Figurinha
Db50;Figurinha/Db50.svg;58.27kb;Caminhão;Figurinha
Db51;Figurinha/Db51.svg;31.17kb;Caminhão;Figurinha
Db52;Figurinha/Db52.svg;55.71kb;Caminhão;Figurinha
Db53;Figurinha/Db53.svg;35.70kb;Caminhão;Figurinha
Db6;Figurinha/Db6.svg;71.03kb;Caminhão;Figurinha
Db7;Figurinha/Db7.svg;95.34kb;Caminhão;Figurinha
Db8;Figurinha/Db8.svg;70.48kb;Caminhão;Figurinha
Db9;Figurinha/Db9.svg;44.23kb;Caminhão;Figurinha
Dc1;Figurinha/Dc1.svg;43.99kb;Caminhão;Figurinha
Dc10;Figurinha/Dc10.svg;46.40kb;Caminhão;Figurinha
Dc11;Figurinha/Dc11.svg;28.99kb;Caminhão;Figurinha
Dc12;Figurinha/Dc12.svg;45.38kb;Caminhão;Figurinha
Dc13;Figurinha/Dc13.svg;46.08kb;Caminhão;Figurinha
Dc14;Figurinha/Dc14.svg;40.62kb;Caminhão;Figurinha
Dc15;Figurinha/Dc15.svg;74.19kb;Caminhão;Figurinha
Dc16;Figurinha/Dc16.svg;53.93kb;Caminhão;Figurinha
Dc17;Figurinha/Dc17.svg;38.37kb;Caminhão;Figurinha
Dc18;Figurinha/Dc18.svg;42.02kb;Caminhão;Figurinha
Dc19;Figurinha/Dc19.svg;31.46kb;Caminhão;Figurinha
Dc2;Figurinha/Dc2.svg;94.03kb;Caminhão;Figurinha
Dc20;Figurinha/Dc20.svg;42.75kb;Caminhão;Figurinha
Dc21;Figurinha/Dc21.svg;59.53kb;Caminhão;Figurinha
Dc22;Figurinha/Dc22.svg;49.26kb;Caminhão;Figurinha
Dc23;Figurinha/Dc23.svg;59.78kb;Caminhão;Figurinha
Dc24;Figurinha/Dc24.svg;67.36kb;Caminhão;Figurinha
Dc25;Figurinha/Dc25.svg;87.55kb;Caminhão;Figurinha
Dc26;Figurinha/Dc26.svg;81.08kb;Caminhão;Figurinha
Dc27;Figurinha/Dc27.svg;147.20kb;Caminhão;Figurinha
Dc28;Figurinha/Dc28.svg;87.46kb;Caminhão;Figurinha
Dc29;Figurinha/Dc29.svg;76.80kb;Caminhão;Figurinha
Dc3;Figurinha/Dc3.svg;31.53kb;Caminhão;Figurinha
Dc30;Figurinha/Dc30.svg;176.38kb;Caminhão;Figurinha
Dc31;Figurinha/Dc31.svg;161.97kb;Caminhão;Figurinha
Dc32;Figurinha/Dc32.svg;65.72kb;Caminhão;Figurinha
Dc33;Figurinha/Dc33.svg;131.06kb;Caminhão;Figurinha
Dc34;Figurinha/Dc34.svg;23.43kb;Caminhão;Figurinha
Dc35;Figurinha/Dc35.svg;167.58kb;Caminhão;Figurinha
Dc36;Figurinha/Dc36.svg;148.91kb;Caminhão;Figurinha
Dc37;Figurinha/Dc37.svg;212.10kb;Caminhão;Figurinha
Dc39;Figurinha/Dc39.svg;274.48kb;Caminhão;Figurinha
Dc4;Figurinha/Dc4.svg;60.11kb;Caminhão;Figurinha
Dc40;Figurinha/Dc40.svg;187.75kb;Caminhão;Figurinha
Dc41;Figurinha/Dc41.svg;213.09kb;Caminhão;Figurinha
Dc42;Figurinha/Dc42.svg;360.49kb;Caminhão;Figurinha
Dc43;Figurinha/Dc43.svg;209.09kb;Caminhão;Figurinha
Dc44;Figurinha/Dc44.svg;33.85kb;Caminhão;Figurinha
Dc45;Figurinha/Dc45.svg;48.02kb;Caminhão;Figurinha
Dc46;Figurinha/Dc46.svg;39.35kb;Caminhão;Figurinha
Dc47;Figurinha/Dc47.svg;13.67kb;Caminhão;Figurinha
Dc48;Figurinha/Dc48.svg;52.96kb;Caminhão;Figurinha
Dc5;Figurinha/Dc5.svg;41.19kb;Caminhão;Figurinha
Dc6;Figurinha/Dc6.svg;63.18kb;Caminhão;Figurinha
Dc7;Figurinha/Dc7.svg;37.74kb;Caminhão;Figurinha
Dc8;Figurinha/Dc8.svg;47.07kb;Caminhão;Figurinha
Dc9;Figurinha/Dc9.svg;38.46kb;Caminhão;Figurinha
Dd1;Figurinha/Dd1.svg;64.33kb;Caminhão;Figurinha
Dd10;Figurinha/Dd10.svg;225.11kb;Caminhão;Figurinha
Dd11;Figurinha/Dd11.svg;227.87kb;Caminhão;Figurinha
Dd12;Figurinha/Dd12.svg;25.51kb;Caminhão;Figurinha
Dd13;Figurinha/Dd13.svg;24.20kb;Caminhão;Figurinha
Dd14;Figurinha/Dd14.svg;35.49kb;Caminhão;Figurinha
Dd15;Figurinha/Dd15.svg;41.23kb;Caminhão;Figurinha
Dd16;Figurinha/Dd16.svg;58.41kb;Caminhão;Figurinha
Dd17;Figurinha/Dd17.svg;56.65kb;Caminhão;Figurinha
Dd18;Figurinha/Dd18.svg;46.67kb;Caminhão;Figurinha
Dd19;Figurinha/Dd19.svg;97.45kb;Caminhão;Figurinha
Dd2;Figurinha/Dd2.svg;85.24kb;Caminhão;Figurinha
Dd3;Figurinha/Dd3.svg;105.40kb;Caminhão;Figurinha
Dd4;Figurinha/Dd4.svg;73.93kb;Caminhão;Figurinha
Dd5;Figurinha/Dd5.svg;116.93kb;Caminhão;Figurinha
Dd6;Figurinha/Dd6.svg;145.95kb;Caminhão;Figurinha
Dd7;Figurinha/Dd7.svg;137.32kb;Caminhão;Figurinha
Dd8;Figurinha/Dd8.svg;151.09kb;Caminhão;Figurinha
Dd9;Figurinha/Dd9.svg;131.96kb;Caminhão;Figurinha
E1;Figurinha/E1.svg;11.19kb;Rick;Figurinha
E10;Figurinha/E10.svg;42.75kb;Rick;Figurinha
E11;Figurinha/E11.svg;14.43kb;Rick;Figurinha
E12;Figurinha/E12.svg;12.15kb;Rick;Figurinha
E13;Figurinha/E13.svg;17.64kb;Rick;Figurinha
E14;Figurinha/E14.svg;21.82kb;Rick;Figurinha
E2;Figurinha/E2.svg;73.39kb;Rick;Figurinha
E3;Figurinha/E3.svg;52.29kb;Rick;Figurinha
E4;Figurinha/E4.svg;23.03kb;Rick;Figurinha
E5;Figurinha/E5.svg;16.09kb;Rick;Figurinha
E6;Figurinha/E6.svg;20.73kb;Rick;Figurinha
E7;Figurinha/E7.svg;9.89kb;Rick;Figurinha
E8;Figurinha/E8.svg;22.80kb;Rick;Figurinha
E9;Figurinha/E9.svg;18.62kb;Rick;Figurinha
F1;Figurinha/F1.svg;15.79kb;Grafit;Figurinha
F10;Figurinha/F10.svg;61.91kb;Grafit;Figurinha
F11;Figurinha/F11.svg;50.89kb;Grafit;Figurinha
F12;Figurinha/F12.svg;27.77kb;Grafit;Figurinha
F13;Figurinha/F13.svg;42.11kb;Grafit;Figurinha
F14;Figurinha/F14.svg;26.34kb;Grafit;Figurinha
F15;Figurinha/F15.svg;63.85kb;Grafit;Figurinha
F16;Figurinha/F16.svg;41.29kb;Grafit;Figurinha
F17;Figurinha/F17.svg;6.56kb;Grafit;Figurinha
F18;Figurinha/F18.svg;16.30kb;Grafit;Figurinha
F19;Figurinha/F19.svg;25.64kb;Grafit;Figurinha
F2;Figurinha/F2.svg;169.76kb;Grafit;Figurinha
F20;Figurinha/F20.svg;26.83kb;Grafit;Figurinha
F21;Figurinha/F21.svg;60.85kb;Grafit;Figurinha
F22;Figurinha/F22.svg;63.61kb;Grafit;Figurinha
F23;Figurinha/F23.svg;93.39kb;Grafit;Figurinha
F24;Figurinha/F24.svg;242.60kb;Grafit;Figurinha
F25;Figurinha/F25.svg;229.74kb;Grafit;Figurinha
F26;Figurinha/F26.svg;178.38kb;Grafit;Figurinha
F3;Figurinha/F3.svg;137.55kb;Grafit;Figurinha
F4;Figurinha/F4.svg;94.95kb;Grafit;Figurinha
F5;Figurinha/F5.svg;92.07kb;Grafit;Figurinha
F6;Figurinha/F6.svg;80.11kb;Grafit;Figurinha
F7;Figurinha/F7.svg;73.55kb;Grafit;Figurinha
F8;Figurinha/F8.svg;70.63kb;Grafit;Figurinha
F9;Figurinha/F9.svg;69.27kb;Grafit;Figurinha
G1;Figurinha/G1.svg;22.66kb;Anime;Figurinha
G10;Figurinha/G10.svg;22.23kb;Anime;Figurinha
G11;Figurinha/G11.svg;8.10kb;Anime;Figurinha
G12;Figurinha/G12.svg;68.49kb;Anime;Figurinha
G13;Figurinha/G13.svg;61.39kb;Anime;Figurinha
G14;Figurinha/G14.svg;57.44kb;Anime;Figurinha
G15;Figurinha/G15.svg;50.64kb;Anime;Figurinha
G16;Figurinha/G16.svg;50.30kb;Anime;Figurinha
G17;Figurinha/G17.svg;50.22kb;Anime;Figurinha
G2;Figurinha/G2.svg;46.49kb;Anime;Figurinha
G3;Figurinha/G3.svg;41.37kb;Anime;Figurinha
G4;Figurinha/G4.svg;41.28kb;Anime;Figurinha
G5;Figurinha/G5.svg;38.84kb;Anime;Figurinha
G6;Figurinha/G6.svg;59.73kb;Anime;Figurinha
G7;Figurinha/G7.svg;87.96kb;Anime;Figurinha
G8;Figurinha/G8.svg;39.98kb;Anime;Figurinha
G9;Figurinha/G9.svg;42.07kb;Anime;Figurinha
H1;Figurinha/H1.svg;77.36kb;Cartoon;Figurinha
H10;Figurinha/H10.svg;37.94kb;Cartoon;Figurinha
H11;Figurinha/H11.svg;31.57kb;Cartoon;Figurinha
H12;Figurinha/H12.svg;22.84kb;Cartoon;Figurinha
H13;Figurinha/H13.svg;40.13kb;Cartoon;Figurinha
H14;Figurinha/H14.svg;33.76kb;Cartoon;Figurinha
H15;Figurinha/H15.svg;30.36kb;Cartoon;Figurinha
H16;Figurinha/H16.svg;18.51kb;Cartoon;Figurinha
H17;Figurinha/H17.svg;15.14kb;Cartoon;Figurinha
H18;Figurinha/H18.svg;22.62kb;Cartoon;Figurinha
H19;Figurinha/H19.svg;50.72kb;Cartoon;Figurinha
H2;Figurinha/H2.svg;18.14kb;Cartoon;Figurinha
H20;Figurinha/H20.svg;9.08kb;Cartoon;Figurinha
H21;Figurinha/H21.svg;14.87kb;Cartoon;Figurinha
H22;Figurinha/H22.svg;51.91kb;Cartoon;Figurinha
H23;Figurinha/H23.svg;15.44kb;Cartoon;Figurinha
H24;Figurinha/H24.svg;17.13kb;Cartoon;Figurinha
H25;Figurinha/H25.svg;8.25kb;Cartoon;Figurinha
H26;Figurinha/H26.svg;5.64kb;Cartoon;Figurinha
H27;Figurinha/H27.svg;8.24kb;Cartoon;Figurinha
H28;Figurinha/H28.svg;7.93kb;Cartoon;Figurinha
H29;Figurinha/H29.svg;21.77kb;Cartoon;Figurinha
H3;Figurinha/H3.svg;10.32kb;Cartoon;Figurinha
H30;Figurinha/H30.svg;13.92kb;Cartoon;Figurinha
H31;Figurinha/H31.svg;15.25kb;Cartoon;Figurinha
H32;Figurinha/H32.svg;6.84kb;Cartoon;Figurinha
H33;Figurinha/H33.svg;23.35kb;Cartoon;Figurinha
H34;Figurinha/H34.svg;21.15kb;Cartoon;Figurinha
H35;Figurinha/H35.svg;20.05kb;Cartoon;Figurinha
H36;Figurinha/H36.svg;32.48kb;Cartoon;Figurinha
H37;Figurinha/H37.svg;9.76kb;Cartoon;Figurinha
H38;Figurinha/H38.svg;5.69kb;Cartoon;Figurinha
H39;Figurinha/H39.svg;18.78kb;Cartoon;Figurinha
H4;Figurinha/H4.svg;21.10kb;Cartoon;Figurinha
H40;Figurinha/H40.svg;15.96kb;Cartoon;Figurinha
H41;Figurinha/H41.svg;19.82kb;Cartoon;Figurinha
H42;Figurinha/H42.svg;14.25kb;Cartoon;Figurinha
H43;Figurinha/H43.svg;10.92kb;Cartoon;Figurinha
H44;Figurinha/H44.svg;24.72kb;Cartoon;Figurinha
H45;Figurinha/H45.svg;26.93kb;Cartoon;Figurinha
H46;Figurinha/H46.svg;23.83kb;Cartoon;Figurinha
H47;Figurinha/H47.svg;33.81kb;Cartoon;Figurinha
H48;Figurinha/H48.svg;21.21kb;Cartoon;Figurinha
H49;Figurinha/H49.svg;16.15kb;Cartoon;Figurinha
H5;Figurinha/H5.svg;5.90kb;Cartoon;Figurinha
H50;Figurinha/H50.svg;12.21kb;Cartoon;Figurinha
H51;Figurinha/H51.svg;29.09kb;Cartoon;Figurinha
H6;Figurinha/H6.svg;15.85kb;Cartoon;Figurinha
H7;Figurinha/H7.svg;17.99kb;Cartoon;Figurinha
H8;Figurinha/H8.svg;38.95kb;Cartoon;Figurinha
H9;Figurinha/H9.svg;36.91kb;Cartoon;Figurinha
I1;Figurinha/I1.svg;41.86kb;Patinhas;Figurinha
I10;Figurinha/I10.svg;24.51kb;Patinhas;Figurinha
I11;Figurinha/I11.svg;31.81kb;Patinhas;Figurinha
I12;Figurinha/I12.svg;46.54kb;Patinhas;Figurinha
I13;Figurinha/I13.svg;41.58kb;Patinhas;Figurinha
I14;Figurinha/I14.svg;47.00kb;Patinhas;Figurinha
I15;Figurinha/I15.svg;62.53kb;Patinhas;Figurinha
I2;Figurinha/I2.svg;41.66kb;Patinhas;Figurinha
I3;Figurinha/I3.svg;22.44kb;Patinhas;Figurinha
I4;Figurinha/I4.svg;31.67kb;Patinhas;Figurinha
I5;Figurinha/I5.svg;11.06kb;Patinhas;Figurinha
I6;Figurinha/I6.svg;26.23kb;Patinhas;Figurinha
I7;Figurinha/I7.svg;14.11kb;Patinhas;Figurinha
I8;Figurinha/I8.svg;13.59kb;Patinhas;Figurinha
I9;Figurinha/I9.svg;11.70kb;Patinhas;Figurinha
J1;Figurinha/J1.svg;15.51kb;Palhaço;Figurinha
J10;Figurinha/J10.svg;26.10kb;Palhaço;Figurinha
J11;Figurinha/J11.svg;36.49kb;Palhaço;Figurinha
J12;Figurinha/J12.svg;70.40kb;Palhaço;Figurinha
J13;Figurinha/J13.svg;25.94kb;Palhaço;Figurinha
J14;Figurinha/J14.svg;36.06kb;Palhaço;Figurinha
J15;Figurinha/J15.svg;82.52kb;Palhaço;Figurinha
J16;Figurinha/J16.svg;78.92kb;Palhaço;Figurinha
J17;Figurinha/J17.svg;122.14kb;Palhaço;Figurinha
J18;Figurinha/J18.svg;102.51kb;Palhaço;Figurinha
J19;Figurinha/J19.svg;29.18kb;Palhaço;Figurinha
J2;Figurinha/J2.svg;35.12kb;Palhaço;Figurinha
J20;Figurinha/J20.svg;14.69kb;Palhaço;Figurinha
J21;Figurinha/J21.svg;59.08kb;Palhaço;Figurinha
J22;Figurinha/J22.svg;20.92kb;Palhaço;Figurinha
J23;Figurinha/J23.svg;34.59kb;Palhaço;Figurinha
J24;Figurinha/J24.svg;105.84kb;Palhaço;Figurinha
J25;Figurinha/J25.svg;155.92kb;Palhaço;Figurinha
J26;Figurinha/J26.svg;149.10kb;Palhaço;Figurinha
J27;Figurinha/J27.svg;54.12kb;Palhaço;Figurinha
J3;Figurinha/J3.svg;89.01kb;Palhaço;Figurinha
J4;Figurinha/J4.svg;153.53kb;Palhaço;Figurinha
J5;Figurinha/J5.svg;109.15kb;Palhaço;Figurinha
J6;Figurinha/J6.svg;141.00kb;Palhaço;Figurinha
J7;Figurinha/J7.svg;187.62kb;Palhaço;Figurinha
J8;Figurinha/J8.svg;175.35kb;Palhaço;Figurinha
J9;Figurinha/J9.svg;169.44kb;Palhaço;Figurinha
K1;Figurinha/K1.svg;3.40kb;Frase;Figurinha
K10;Figurinha/K10.svg;17.20kb;Frase;Figurinha
K100;Figurinha/K100.svg;15.84kb;Frase;Figurinha
K101;Figurinha/K101.svg;12.49kb;Frase;Figurinha
K102;Figurinha/K102.svg;12.58kb;Frase;Figurinha
K103;Figurinha/K103.svg;27.31kb;Frase;Figurinha
K104;Figurinha/K104.svg;9.81kb;Frase;Figurinha
K105;Figurinha/K105.svg;14.61kb;Frase;Figurinha
K106;Figurinha/K106.svg;7.33kb;Frase;Figurinha
K107;Figurinha/K107.svg;11.45kb;Frase;Figurinha
K108;Figurinha/K108.svg;12.40kb;Frase;Figurinha
K109;Figurinha/K109.svg;23.80kb;Frase;Figurinha
K11;Figurinha/K11.svg;39.38kb;Frase;Figurinha
K110;Figurinha/K110.svg;19.76kb;Frase;Figurinha
K111;Figurinha/K111.svg;12.49kb;Frase;Figurinha
K112;Figurinha/K112.svg;15.71kb;Frase;Figurinha
K113;Figurinha/K113.svg;18.33kb;Frase;Figurinha
K114;Figurinha/K114.svg;13.44kb;Frase;Figurinha
K115;Figurinha/K115.svg;11.45kb;Frase;Figurinha
K116;Figurinha/K116.svg;22.76kb;Frase;Figurinha
K117;Figurinha/K117.svg;10.23kb;Frase;Figurinha
K118;Figurinha/K118.svg;11.73kb;Frase;Figurinha
K119;Figurinha/K119.svg;9.46kb;Frase;Figurinha
K12;Figurinha/K12.svg;17.67kb;Frase;Figurinha
K120;Figurinha/K120.svg;15.23kb;Frase;Figurinha
K121;Figurinha/K121.svg;12.37kb;Frase;Figurinha
K122;Figurinha/K122.svg;14.13kb;Frase;Figurinha
K123;Figurinha/K123.svg;15.51kb;Frase;Figurinha
K124;Figurinha/K124.svg;12.77kb;Frase;Figurinha
K125;Figurinha/K125.svg;17.03kb;Frase;Figurinha
K126;Figurinha/K126.svg;15.29kb;Frase;Figurinha
K127;Figurinha/K127.svg;9.01kb;Frase;Figurinha
K128;Figurinha/K128.svg;27.07kb;Frase;Figurinha
K129;Figurinha/K129.svg;16.40kb;Frase;Figurinha
K13;Figurinha/K13.svg;20.24kb;Frase;Figurinha
K130;Figurinha/K130.svg;16.91kb;Frase;Figurinha
K131;Figurinha/K131.svg;19.09kb;Frase;Figurinha
K132;Figurinha/K132.svg;35.17kb;Frase;Figurinha
K133;Figurinha/K133.svg;21.19kb;Frase;Figurinha
K134;Figurinha/K134.svg;11.28kb;Frase;Figurinha
K135;Figurinha/K135.svg;48.61kb;Frase;Figurinha
K136;Figurinha/K136.svg;40.23kb;Frase;Figurinha
K137;Figurinha/K137.svg;39.58kb;Frase;Figurinha
K138;Figurinha/K138.svg;59.56kb;Frase;Figurinha
K139;Figurinha/K139.svg;50.87kb;Frase;Figurinha
K14;Figurinha/K14.svg;27.20kb;Frase;Figurinha
K140;Figurinha/K140.svg;40.78kb;Frase;Figurinha
K141;Figurinha/K141.svg;75.08kb;Frase;Figurinha
K142;Figurinha/K142.svg;58.62kb;Frase;Figurinha
K143;Figurinha/K143.svg;11.92kb;Frase;Figurinha
K144;Figurinha/K144.svg;66.69kb;Frase;Figurinha
K145;Figurinha/K145.svg;18.57kb;Frase;Figurinha
K146;Figurinha/K146.svg;48.50kb;Frase;Figurinha
K147;Figurinha/K147.svg;51.46kb;Frase;Figurinha
K148;Figurinha/K148.svg;53.16kb;Frase;Figurinha
K149;Figurinha/K149.svg;27.59kb;Frase;Figurinha
K15;Figurinha/K15.svg;40.18kb;Frase;Figurinha
K150;Figurinha/K150.svg;27.84kb;Frase;Figurinha
K151;Figurinha/K151.svg;29.44kb;Frase;Figurinha
K152;Figurinha/K152.svg;15.77kb;Frase;Figurinha
K153;Figurinha/K153.svg;10.81kb;Frase;Figurinha
K154;Figurinha/K154.svg;12.23kb;Frase;Figurinha
K155;Figurinha/K155.svg;4.30kb;Frase;Figurinha
K156;Figurinha/K156.svg;11.04kb;Frase;Figurinha
K157;Figurinha/K157.svg;25.81kb;Frase;Figurinha
K158;Figurinha/K158.svg;3.78kb;Frase;Figurinha
K159;Figurinha/K159.svg;15.54kb;Frase;Figurinha
K16;Figurinha/K16.svg;25.39kb;Frase;Figurinha
K160;Figurinha/K160.svg;11.54kb;Frase;Figurinha
K161;Figurinha/K161.svg;19.88kb;Frase;Figurinha
K162;Figurinha/K162.svg;15.26kb;Frase;Figurinha
K163;Figurinha/K163.svg;14.33kb;Frase;Figurinha
K164;Figurinha/K164.svg;28.75kb;Frase;Figurinha
K165;Figurinha/K165.svg;9.19kb;Frase;Figurinha
K166;Figurinha/K166.svg;51.89kb;Frase;Figurinha
K167;Figurinha/K167.svg;24.83kb;Frase;Figurinha
K168;Figurinha/K168.svg;48.50kb;Frase;Figurinha
K169;Figurinha/K169.svg;23.15kb;Frase;Figurinha
K17;Figurinha/K17.svg;33.55kb;Frase;Figurinha
K170;Figurinha/K170.svg;25.67kb;Frase;Figurinha
K171;Figurinha/K171.svg;22.53kb;Frase;Figurinha
K172;Figurinha/K172.svg;29.14kb;Frase;Figurinha
K173;Figurinha/K173.svg;12.51kb;Frase;Figurinha
K174;Figurinha/K174.svg;29.58kb;Frase;Figurinha
K175;Figurinha/K175.svg;26.39kb;Frase;Figurinha
K18;Figurinha/K18.svg;35.57kb;Frase;Figurinha
K19;Figurinha/K19.svg;14.32kb;Frase;Figurinha
K2;Figurinha/K2.svg;17.11kb;Frase;Figurinha
K20;Figurinha/K20.svg;23.61kb;Frase;Figurinha
K21;Figurinha/K21.svg;30.52kb;Frase;Figurinha
K22;Figurinha/K22.svg;37.73kb;Frase;Figurinha
K23;Figurinha/K23.svg;35.69kb;Frase;Figurinha
K24;Figurinha/K24.svg;24.10kb;Frase;Figurinha
K25;Figurinha/K25.svg;40.84kb;Frase;Figurinha
K26;Figurinha/K26.svg;48.44kb;Frase;Figurinha
K27;Figurinha/K27.svg;53.15kb;Frase;Figurinha
K28;Figurinha/K28.svg;52.07kb;Frase;Figurinha
K29;Figurinha/K29.svg;39.75kb;Frase;Figurinha
K3;Figurinha/K3.svg;33.85kb;Frase;Figurinha
K30;Figurinha/K30.svg;50.35kb;Frase;Figurinha
K31;Figurinha/K31.svg;11.45kb;Frase;Figurinha
K32;Figurinha/K32.svg;50.82kb;Frase;Figurinha
K33;Figurinha/K33.svg;64.44kb;Frase;Figurinha
K34;Figurinha/K34.svg;38.02kb;Frase;Figurinha
K35;Figurinha/K35.svg;12.24kb;Frase;Figurinha
K36;Figurinha/K36.svg;19.25kb;Frase;Figurinha
K37;Figurinha/K37.svg;28.03kb;Frase;Figurinha
K38;Figurinha/K38.svg;20.02kb;Frase;Figurinha
K39;Figurinha/K39.svg;37.97kb;Frase;Figurinha
K4;Figurinha/K4.svg;41.03kb;Frase;Figurinha
K40;Figurinha/K40.svg;91.25kb;Frase;Figurinha
K41;Figurinha/K41.svg;47.98kb;Frase;Figurinha
K42;Figurinha/K42.svg;10.14kb;Frase;Figurinha
K43;Figurinha/K43.svg;16.50kb;Frase;Figurinha
K44;Figurinha/K44.svg;48.61kb;Frase;Figurinha
K45;Figurinha/K45.svg;93.47kb;Frase;Figurinha
K46;Figurinha/K46.svg;21.63kb;Frase;Figurinha
K47;Figurinha/K47.svg;86.14kb;Frase;Figurinha
K48;Figurinha/K48.svg;22.46kb;Frase;Figurinha
K49;Figurinha/K49.svg;24.04kb;Frase;Figurinha
K5;Figurinha/K5.svg;14.69kb;Frase;Figurinha
K50;Figurinha/K50.svg;12.38kb;Frase;Figurinha
K51;Figurinha/K51.svg;25.00kb;Frase;Figurinha
K52;Figurinha/K52.svg;22.18kb;Frase;Figurinha
K53;Figurinha/K53.svg;24.16kb;Frase;Figurinha
K54;Figurinha/K54.svg;14.56kb;Frase;Figurinha
K55;Figurinha/K55.svg;13.95kb;Frase;Figurinha
K56;Figurinha/K56.svg;30.21kb;Frase;Figurinha
K57;Figurinha/K57.svg;20.09kb;Frase;Figurinha
K58;Figurinha/K58.svg;12.07kb;Frase;Figurinha
K59;Figurinha/K59.svg;16.44kb;Frase;Figurinha
K6;Figurinha/K6.svg;19.73kb;Frase;Figurinha
K60;Figurinha/K60.svg;7.05kb;Frase;Figurinha
K61;Figurinha/K61.svg;17.21kb;Frase;Figurinha
K62;Figurinha/K62.svg;29.89kb;Frase;Figurinha
K63;Figurinha/K63.svg;21.11kb;Frase;Figurinha
K64;Figurinha/K64.svg;30.02kb;Frase;Figurinha
K65;Figurinha/K65.svg;6.74kb;Frase;Figurinha
K66;Figurinha/K66.svg;21.82kb;Frase;Figurinha
K67;Figurinha/K67.svg;18.73kb;Frase;Figurinha
K68;Figurinha/K68.svg;24.14kb;Frase;Figurinha
K69;Figurinha/K69.svg;16.58kb;Frase;Figurinha
K7;Figurinha/K7.svg;26.69kb;Frase;Figurinha
K70;Figurinha/K70.svg;27.56kb;Frase;Figurinha
K71;Figurinha/K71.svg;17.41kb;Frase;Figurinha
K72;Figurinha/K72.svg;14.67kb;Frase;Figurinha
K73;Figurinha/K73.svg;17.67kb;Frase;Figurinha
K74;Figurinha/K74.svg;26.68kb;Frase;Figurinha
K75;Figurinha/K75.svg;23.29kb;Frase;Figurinha
K76;Figurinha/K76.svg;20.53kb;Frase;Figurinha
K77;Figurinha/K77.svg;29.86kb;Frase;Figurinha
K78;Figurinha/K78.svg;12.27kb;Frase;Figurinha
K79;Figurinha/K79.svg;11.57kb;Frase;Figurinha
K8;Figurinha/K8.svg;44.58kb;Frase;Figurinha
K80;Figurinha/K80.svg;9.13kb;Frase;Figurinha
K81;Figurinha/K81.svg;16.32kb;Frase;Figurinha
K82;Figurinha/K82.svg;15.92kb;Frase;Figurinha
K83;Figurinha/K83.svg;15.33kb;Frase;Figurinha
K84;Figurinha/K84.svg;17.80kb;Frase;Figurinha
K85;Figurinha/K85.svg;14.07kb;Frase;Figurinha
K86;Figurinha/K86.svg;14.86kb;Frase;Figurinha
K87;Figurinha/K87.svg;15.84kb;Frase;Figurinha
K88;Figurinha/K88.svg;16.08kb;Frase;Figurinha
K89;Figurinha/K89.svg;15.08kb;Frase;Figurinha
K9;Figurinha/K9.svg;15.92kb;Frase;Figurinha
K90;Figurinha/K90.svg;16.20kb;Frase;Figurinha
K91;Figurinha/K91.svg;9.81kb;Frase;Figurinha
K92;Figurinha/K92.svg;9.90kb;Frase;Figurinha
K93;Figurinha/K93.svg;10.33kb;Frase;Figurinha
K94;Figurinha/K94.svg;21.65kb;Frase;Figurinha
K95;Figurinha/K95.svg;11.00kb;Frase;Figurinha
K96;Figurinha/K96.svg;19.87kb;Frase;Figurinha
K97;Figurinha/K97.svg;13.28kb;Frase;Figurinha
K98;Figurinha/K98.svg;7.81kb;Frase;Figurinha
K99;Figurinha/K99.svg;14.46kb;Frase;Figurinha
L1;Figurinha/L1.svg;9.60kb;Desenho;Figurinha
L10;Figurinha/L10.svg;17.39kb;Desenho;Figurinha
L11;Figurinha/L11.svg;35.72kb;Desenho;Figurinha
L12;Figurinha/L12.svg;6.24kb;Desenho;Figurinha
L13;Figurinha/L13.svg;10.99kb;Desenho;Figurinha
L14;Figurinha/L14.svg;22.35kb;Desenho;Figurinha
L15;Figurinha/L15.svg;21.54kb;Desenho;Figurinha
L16;Figurinha/L16.svg;21.64kb;Desenho;Figurinha
L17;Figurinha/L17.svg;22.85kb;Desenho;Figurinha
L18;Figurinha/L18.svg;24.30kb;Desenho;Figurinha
L19;Figurinha/L19.svg;33.29kb;Desenho;Figurinha
L2;Figurinha/L2.svg;6.62kb;Desenho;Figurinha
L20;Figurinha/L20.svg;11.47kb;Desenho;Figurinha
L21;Figurinha/L21.svg;6.65kb;Desenho;Figurinha
L22;Figurinha/L22.svg;19.37kb;Desenho;Figurinha
L23;Figurinha/L23.svg;12.98kb;Desenho;Figurinha
L24;Figurinha/L24.svg;8.37kb;Desenho;Figurinha
L25;Figurinha/L25.svg;10.93kb;Desenho;Figurinha
L26;Figurinha/L26.svg;26.33kb;Desenho;Figurinha
L27;Figurinha/L27.svg;86.55kb;Desenho;Figurinha
L3;Figurinha/L3.svg;30.78kb;Desenho;Figurinha
L4;Figurinha/L4.svg;38.38kb;Desenho;Figurinha
L5;Figurinha/L5.svg;6.67kb;Desenho;Figurinha
L6;Figurinha/L6.svg;32.48kb;Desenho;Figurinha
L7;Figurinha/L7.svg;41.71kb;Desenho;Figurinha
L8;Figurinha/L8.svg;75.31kb;Desenho;Figurinha
L9;Figurinha/L9.svg;6.30kb;Desenho;Figurinha
M1;Figurinha/M1.svg;30.36kb;244;Figurinha
M10;Figurinha/M10.svg;8.08kb;244;Figurinha
M11;Figurinha/M11.svg;27.92kb;244;Figurinha
M12;Figurinha/M12.svg;5.24kb;244;Figurinha
M13;Figurinha/M13.svg;6.27kb;244;Figurinha
M14;Figurinha/M14.svg;13.09kb;244;Figurinha
M15;Figurinha/M15.svg;6.66kb;244;Figurinha
M16;Figurinha/M16.svg;8.59kb;244;Figurinha
M17;Figurinha/M17.svg;9.12kb;244;Figurinha
M18;Figurinha/M18.svg;6.94kb;244;Figurinha
M19;Figurinha/M19.svg;11.16kb;244;Figurinha
M2;Figurinha/M2.svg;24.15kb;244;Figurinha
M20;Figurinha/M20.svg;8.25kb;244;Figurinha
M21;Figurinha/M21.svg;30.66kb;244;Figurinha
M22;Figurinha/M22.svg;10.57kb;244;Figurinha
M23;Figurinha/M23.svg;59.98kb;244;Figurinha
M24;Figurinha/M24.svg;29.16kb;244;Figurinha
M25;Figurinha/M25.svg;12.76kb;244;Figurinha
M26;Figurinha/M26.svg;17.68kb;244;Figurinha
M27;Figurinha/M27.svg;26.10kb;244;Figurinha
M28;Figurinha/M28.svg;11.69kb;244;Figurinha
M29;Figurinha/M29.svg;11.60kb;244;Figurinha
M3;Figurinha/M3.svg;14.66kb;244;Figurinha
M30;Figurinha/M30.svg;8.69kb;244;Figurinha
M31;Figurinha/M31.svg;11.75kb;244;Figurinha
M32;Figurinha/M32.svg;11.63kb;244;Figurinha
M33;Figurinha/M33.svg;12.01kb;244;Figurinha
M34;Figurinha/M34.svg;6.52kb;244;Figurinha
M35;Figurinha/M35.svg;39.91kb;244;Figurinha
M36;Figurinha/M36.svg;26.80kb;244;Figurinha
M37;Figurinha/M37.svg;36.81kb;244;Figurinha
M38;Figurinha/M38.svg;28.55kb;244;Figurinha
M39;Figurinha/M39.svg;37.11kb;244;Figurinha
M4;Figurinha/M4.svg;17.09kb;244;Figurinha
M40;Figurinha/M40.svg;36.15kb;244;Figurinha
M41;Figurinha/M41.svg;20.50kb;244;Figurinha
M42;Figurinha/M42.svg;21.24kb;244;Figurinha
M43;Figurinha/M43.svg;8.84kb;244;Figurinha
M44;Figurinha/M44.svg;9.79kb;244;Figurinha
M45;Figurinha/M45.svg;9.53kb;244;Figurinha
M46;Figurinha/M46.svg;3.99kb;244;Figurinha
M47;Figurinha/M47.svg;17.21kb;244;Figurinha
M48;Figurinha/M48.svg;9.52kb;244;Figurinha
M49;Figurinha/M49.svg;14.76kb;244;Figurinha
M5;Figurinha/M5.svg;12.09kb;244;Figurinha
M50;Figurinha/M50.svg;17.75kb;244;Figurinha
M51;Figurinha/M51.svg;11.12kb;244;Figurinha
M52;Figurinha/M52.svg;23.20kb;244;Figurinha
M53;Figurinha/M53.svg;20.45kb;244;Figurinha
M54;Figurinha/M54.svg;19.76kb;244;Figurinha
M55;Figurinha/M55.svg;11.75kb;244;Figurinha
M56;Figurinha/M56.svg;5.16kb;244;Figurinha
M57;Figurinha/M57.svg;11.42kb;244;Figurinha
M58;Figurinha/M58.svg;10.79kb;244;Figurinha
M59;Figurinha/M59.svg;21.88kb;244;Figurinha
M6;Figurinha/M6.svg;11.14kb;244;Figurinha
M60;Figurinha/M60.svg;17.77kb;244;Figurinha
M61;Figurinha/M61.svg;22.69kb;244;Figurinha
M62;Figurinha/M62.svg;23.99kb;244;Figurinha
M63;Figurinha/M63.svg;25.83kb;244;Figurinha
M64;Figurinha/M64.svg;19.55kb;244;Figurinha
M65;Figurinha/M65.svg;18.90kb;244;Figurinha
M66;Figurinha/M66.svg;21.55kb;244;Figurinha
M67;Figurinha/M67.svg;14.73kb;244;Figurinha
M68;Figurinha/M68.svg;16.96kb;244;Figurinha
M69;Figurinha/M69.svg;16.87kb;244;Figurinha
M7;Figurinha/M7.svg;11.77kb;244;Figurinha
M70;Figurinha/M70.svg;25.00kb;244;Figurinha
M71;Figurinha/M71.svg;20.60kb;244;Figurinha
M72;Figurinha/M72.svg;13.17kb;244;Figurinha
M73;Figurinha/M73.svg;34.20kb;244;Figurinha
M8;Figurinha/M8.svg;33.85kb;244;Figurinha
M9;Figurinha/M9.svg;20.37kb;244;Figurinha
N1;Figurinha/N1.svg;3.79kb;Doctor;Figurinha
N10;Figurinha/N10.svg;26.59kb;Doctor;Figurinha
N11;Figurinha/N11.svg;49.75kb;Doctor;Figurinha
N12;Figurinha/N12.svg;66.58kb;Doctor;Figurinha
N2;Figurinha/N2.svg;70.86kb;Doctor;Figurinha
N3;Figurinha/N3.svg;84.34kb;Doctor;Figurinha
N4;Figurinha/N4.svg;27.71kb;Doctor;Figurinha
N5;Figurinha/N5.svg;94.37kb;Doctor;Figurinha
N6;Figurinha/N6.svg;137.19kb;Doctor;Figurinha
N7;Figurinha/N7.svg;18.29kb;Doctor;Figurinha
N8;Figurinha/N8.svg;11.34kb;Doctor;Figurinha
N9;Figurinha/N9.svg;22.59kb;Doctor;Figurinha
Z1;Figurinha/Z1.svg;13.81kb;Extras;Figurinha
Z10;Figurinha/Z10.svg;13.57kb;Extras;Figurinha
Z11;Figurinha/Z11.svg;16.17kb;Extras;Figurinha
Z12;Figurinha/Z12.svg;21.00kb;Extras;Figurinha
Z13;Figurinha/Z13.svg;7.38kb;Extras;Figurinha
Z14;Figurinha/Z14.svg;42.90kb;Extras;Figurinha
Z15;Figurinha/Z15.svg;4.91kb;Extras;Figurinha
Z16;Figurinha/Z16.svg;3.85kb;Extras;Figurinha
Z18;Figurinha/Z18.svg;78.87kb;Extras;Figurinha
Z19;Figurinha/Z19.svg;6.74kb;Extras;Figurinha
Z2;Figurinha/Z2.svg;6.44kb;Extras;Figurinha
Z20;Figurinha/Z20.svg;10.20kb;Extras;Figurinha
Z21;Figurinha/Z21.svg;4.28kb;Extras;Figurinha
Z22;Figurinha/Z22.svg;6.10kb;Extras;Figurinha
Z23;Figurinha/Z23.svg;5.85kb;Extras;Figurinha
Z24;Figurinha/Z24.svg;6.53kb;Extras;Figurinha
Z25;Figurinha/Z25.svg;26.22kb;Extras;Figurinha
Z26;Figurinha/Z26.svg;3.79kb;Extras;Figurinha
Z27;Figurinha/Z27.svg;6.64kb;Extras;Figurinha
Z28;Figurinha/Z28.svg;3.11kb;Extras;Figurinha
Z29;Figurinha/Z29.svg;3.36kb;Extras;Figurinha
Z3;Figurinha/Z3.svg;27.27kb;Extras;Figurinha
Z30;Figurinha/Z30.svg;4.12kb;Extras;Figurinha
Z31;Figurinha/Z31.svg;61.42kb;Extras;Figurinha
Z32;Figurinha/Z32.svg;1.99kb;Extras;Figurinha
Z33;Figurinha/Z33.svg;8.71kb;Extras;Figurinha
Z34;Figurinha/Z34.svg;9.67kb;Extras;Figurinha
Z35;Figurinha/Z35.svg;2.25kb;Extras;Figurinha
Z36;Figurinha/Z36.svg;12.77kb;Extras;Figurinha
Z37;Figurinha/Z37.svg;300.53kb;Extras;Figurinha
Z38;Figurinha/Z38.svg;229.46kb;Extras;Figurinha
Z39;Figurinha/Z39.svg;29.45kb;Extras;Figurinha
Z4;Figurinha/Z4.svg;4.45kb;Extras;Figurinha
Z40;Figurinha/Z40.svg;52.80kb;Extras;Figurinha
Z41;Figurinha/Z41.svg;6.90kb;Extras;Figurinha
Z42;Figurinha/Z42.svg;19.05kb;Extras;Figurinha
Z43;Figurinha/Z43.svg;26.09kb;Extras;Figurinha
Z44;Figurinha/Z44.svg;35.33kb;Extras;Figurinha
Z45;Figurinha/Z45.svg;29.19kb;Extras;Figurinha
Z46;Figurinha/Z46.svg;45.77kb;Extras;Figurinha
Z47;Figurinha/Z47.svg;15.55kb;Extras;Figurinha
Z48;Figurinha/Z48.svg;55.73kb;Extras;Figurinha
Z49;Figurinha/Z49.svg;2.77kb;Extras;Figurinha
Z5;Figurinha/Z5.svg;13.33kb;Extras;Figurinha
Z50;Figurinha/Z50.svg;6.27kb;Extras;Figurinha
Z51;Figurinha/Z51.svg;3.27kb;Extras;Figurinha
Z52;Figurinha/Z52.svg;27.13kb;Extras;Figurinha
Z53;Figurinha/Z53.svg;4.30kb;Extras;Figurinha
Z54;Figurinha/Z54.svg;3.08kb;Extras;Figurinha
Z55;Figurinha/Z55.svg;4.25kb;Extras;Figurinha
Z56;Figurinha/Z56.svg;2.77kb;Extras;Figurinha
Z57;Figurinha/Z57.svg;3.23kb;Extras;Figurinha
Z58;Figurinha/Z58.svg;46.85kb;Extras;Figurinha
Z59;Figurinha/Z59.svg;7.45kb;Extras;Figurinha
Z6;Figurinha/Z6.svg;2.33kb;Extras;Figurinha
Z60;Figurinha/Z60.svg;6.83kb;Extras;Figurinha
Z61;Figurinha/Z61.svg;15.04kb;Extras;Figurinha
Z62;Figurinha/Z62.svg;3.98kb;Extras;Figurinha
Z63;Figurinha/Z63.svg;5.89kb;Extras;Figurinha
Z64;Figurinha/Z64.svg;5.84kb;Extras;Figurinha
Z65;Figurinha/Z65.svg;9.55kb;Extras;Figurinha
Z66;Figurinha/Z66.svg;10.81kb;Extras;Figurinha
Z67;Figurinha/Z67.svg;11.73kb;Extras;Figurinha
Z68;Figurinha/Z68.svg;12.61kb;Extras;Figurinha
Z69;Figurinha/Z69.svg;40.42kb;Extras;Figurinha
Z7;Figurinha/Z7.svg;10.79kb;Extras;Figurinha
Z70;Figurinha/Z70.svg;9.28kb;Extras;Figurinha
Z71;Figurinha/Z71.svg;10.81kb;Extras;Figurinha
Z72;Figurinha/Z72.svg;22.47kb;Extras;Figurinha
Z73;Figurinha/Z73.svg;15.25kb;Extras;Figurinha
Z74;Figurinha/Z74.svg;12.87kb;Extras;Figurinha
Z75;Figurinha/Z75.svg;26.72kb;Extras;Figurinha
Z76;Figurinha/Z76.svg;12.98kb;Extras;Figurinha
Z77;Figurinha/Z77.svg;14.84kb;Extras;Figurinha
Z78;Figurinha/Z78.svg;21.65kb;Extras;Figurinha
Z79;Figurinha/Z79.svg;7.51kb;Extras;Figurinha
Z8;Figurinha/Z8.svg;14.73kb;Extras;Figurinha
Z80;Figurinha/Z80.svg;24.19kb;Extras;Figurinha
Z81;Figurinha/Z81.svg;85.20kb;Extras;Figurinha
Z82;Figurinha/Z82.svg;68.26kb;Extras;Figurinha
Z83;Figurinha/Z83.svg;31.35kb;Extras;Figurinha
Z84;Figurinha/Z84.svg;17.20kb;Extras;Figurinha
Z85;Figurinha/Z85.svg;16.57kb;Extras;Figurinha
Z86;Figurinha/Z86.svg;22.01kb;Extras;Figurinha
Z9;Figurinha/Z9.svg;8.63kb;Extras;Figurinha